<?xml version="1.0" encoding="UTF-8"?>
<database>
    <bf>
      <Binding_Factor>SETDB1_23</Binding_Factor>
	  <Species>Homo sapiens</Species>
      <Description>Histone-lysine N-methyltransferase SETDB1. Adds methylation to H3K9</Description>
      <Author>dave.gerrard@manchester.ac.uk</Author>
      <Date_of_Creation>2023-01-31</Date_of_Creation>
      <Version>1.0</Version>
	  <Reference>https://www.ncbi.nlm.nih.gov/pmc/articles/PMC1273623/</Reference>
	  <Pattern_String>NA</Pattern_String>
	  <Pattern_Length>NA</Pattern_Length>
	  <Profile_Layers>H3K9me2</Profile_Layers>
	  <Profile_Marks>1</Profile_Marks>
	  <Mod_Layers>c("H3K4me2", "H3K4me3")</Mod_Layers>
	  <Mod_Marks>c(0,1)</Mod_Marks>
	  <stateWidth>NA</stateWidth>
	  <MinMismatch>0</MinMismatch>
	  <MaxMismatch>0</MaxMismatch>
	</bf>  
	<pfm>
		<row>
			<col>1</col>
			<col>5</col>
			<col>9</col>
			<col>13</col>
			<col>17</col>
			<col>21</col>
			<col>25</col>
			<col>29</col>
			<col>33</col>
			<col>37</col>
			<col>41</col>
			<col>45</col>
			<col>49</col>
			<col>53</col>
			<col>57</col>
		</row>
		<row>
			<col>2</col>
			<col>6</col>
			<col>10</col>
			<col>14</col>
			<col>18</col>
			<col>22</col>
			<col>26</col>
			<col>30</col>
			<col>34</col>
			<col>38</col>
			<col>42</col>
			<col>46</col>
			<col>50</col>
			<col>54</col>
			<col>58</col>
		</row>
		<row>
			<col>3</col>
			<col>7</col>
			<col>11</col>
			<col>15</col>
			<col>19</col>
			<col>23</col>
			<col>27</col>
			<col>31</col>
			<col>35</col>
			<col>39</col>
			<col>43</col>
			<col>47</col>
			<col>51</col>
			<col>55</col>
			<col>59</col>
		</row>
		<row>
			<col>4</col>
			<col>8</col>
			<col>12</col>
			<col>16</col>
			<col>20</col>
			<col>24</col>
			<col>28</col>
			<col>32</col>
			<col>36</col>
			<col>40</col>
			<col>44</col>
			<col>48</col>
			<col>52</col>
			<col>56</col>
			<col>60</col>
		</row>
	</pfm>
</database>

